-- phpMyAdmin SQL Dump
-- version 5.0.4
-- https://www.phpmyadmin.net/
--
-- Servidor: 127.0.0.1
-- Tiempo de generación: 06-07-2021 a las 01:34:55
-- Versión del servidor: 10.4.16-MariaDB
-- Versión de PHP: 7.4.12

SET SQL_MODE = "NO_AUTO_VALUE_ON_ZERO";
START TRANSACTION;
SET time_zone = "+00:00";


/*!40101 SET @OLD_CHARACTER_SET_CLIENT=@@CHARACTER_SET_CLIENT */;
/*!40101 SET @OLD_CHARACTER_SET_RESULTS=@@CHARACTER_SET_RESULTS */;
/*!40101 SET @OLD_COLLATION_CONNECTION=@@COLLATION_CONNECTION */;
/*!40101 SET NAMES utf8mb4 */;

--
-- Base de datos: `clase24x_prueba`
--

-- --------------------------------------------------------

--
-- Estructura de tabla para la tabla `areas_u_nacional`
--

CREATE TABLE `areas_u_nacional` (
  `id` int(11) NOT NULL,
  `opcion` varchar(255) COLLATE utf8_spanish_ci DEFAULT NULL,
  `relacion` int(4) NOT NULL
) ENGINE=InnoDB DEFAULT CHARSET=utf8 COLLATE=utf8_spanish_ci;

--
-- Volcado de datos para la tabla `areas_u_nacional`
--

INSERT INTO `areas_u_nacional` (`id`, `opcion`, `relacion`) VALUES
(1, 'Finanzas', 1),
(2, 'Bancas', 1),
(3, 'Seguros y Reaseguros', 1),
(4, 'Negocios Internacionales', 1),
(5, 'Auditoría Financiera', 2),
(6, 'Auditoría Administrativa', 2),
(7, 'Sistema de Información para Contabilidad', 3),
(8, 'Sistemas de Información para Administración de Empresas', 3),
(9, 'Análisis Empresarial', 4),
(10, 'Viabilidad Empresarial', 4),
(11, 'Operaciones Empresariales', 4),
(12, 'Desarrollo Empresarial ', 4),
(13, 'Administración', 5),
(14, 'Planeación y Control Administrativo', 5),
(15, 'Contabilidad', 6),
(16, 'Contabilidad Intermedia y de Aplicación ', 6),
(17, 'Contabilidad Administrativa', 7),
(18, 'Contabilidad de Costos', 7),
(19, 'Contabilidades Especiales', 8),
(20, 'Mercadotecnia', 9),
(24, 'Gerencia y Gestión Turística', 10),
(25, 'Operaciones Turísticas', 10),
(26, 'Operaciones Hoteleras', 10),
(27, 'Gerencia, Gestión y Operaciones Marítima', 11),
(29, 'Gerencia de Recursos Humanos', 12),
(30, 'Planificación de los Recursos Humanos(I)', 12),
(31, 'Gestión Estratégica de los Recursos Humanos(I)', 12),
(33, 'Gerencia Secretarial y de Oficina', 13),
(34, 'Gerencia Secretarial y de Oficina en Ingles ', 13),
(35, 'Gestión de las Organizaciones Publicas', 14),
(36, 'Análisis Administrativo y Desarrollo Institucional', 14),
(37, 'Administración de Recursos Humanos Públicos', 14),
(38, 'Planificación Pública, Administrativa y Operativa', 14),
(39, 'Administración Aduanera', 14),
(40, 'Procedimiento Aduanero', 14),
(41, 'Merciología, Nomenclatura y valoración', 14),
(42, 'Política Exterior', 15),
(43, 'Relaciones Internacionales', 15),
(44, 'Organización Internacional', 15),
(45, 'Política internacional', 15),
(46, 'Trabajo Social y Desarrollo Humano', 16),
(47, 'Trabajo Social y Realidad Nacional', 16),
(48, 'Metodología de Trabajo Social ', 16),
(49, 'Investigación Social', 16),
(50, 'Trabajo Social y Política Social', 16),
(51, 'Enseñanza Practica en Trabajo Social', 16),
(52, 'Representación y Visualización Arquitectónica', 17),
(53, 'Teorías y Tendencias de la Arquitectura', 17),
(54, 'Visualización del Vestuario', 17),
(55, 'Representación Grafica y Multimedia', 17),
(56, 'Teorías y Tendencias de las Artes Gráficas e Industriales', 17),
(57, 'Diseño arquitectónico', 18),
(58, 'Diseño de Vestuario', 18),
(59, 'Diseño de Interiores', 18),
(60, 'Diseño Grafico y Digital', 18),
(61, 'Diseño y Talleres de Artes Industriales ', 18),
(62, 'Urbanismo', 19),
(63, 'Paisajismo', 19),
(64, 'Investigación Arquitectónica', 19),
(65, 'Investigación en Diseño en las Artes Gráficas Industriales', 19),
(66, 'Edificación e Instalaciones', 20),
(67, 'Obras Civiles', 20),
(68, 'Patronaje y Confección', 20),
(69, 'Gestión Profesional', 20),
(70, 'Desarrollo de Proyectos Asistidos por Computadora', 20),
(71, 'Música Aplicada', 21),
(72, 'Teoría Musical', 21),
(73, 'Literatura Musical', 21),
(74, 'Dirección Musical', 21),
(75, 'Dibujo y Pintura', 22),
(76, 'Escultura', 22),
(77, 'Técnicas de Impresión', 22),
(78, 'Diseño Artístico Visual', 22),
(79, 'Historia, Teoría y Critica del Arte', 22),
(80, 'Danzas con Énfasis en Ballet Clásico', 23),
(81, 'Danza con Énfasis en Danza Moderna ', 23),
(82, 'Danza con Énfasis en Folklore y Danza de la Etnia Nacional', 23),
(83, 'Danza con Énfasis en Jazz y Danza de Carácter ', 23),
(84, 'Actuación Teatral', 24),
(85, 'Dirección Teatral', 24),
(86, 'Diseño / Técnico Teatral', 24),
(87, 'Historia y Critica del Teatro y el Drama', 24),
(88, 'Biometría y Métodos Cuantitativos', 25),
(89, 'Economía Agrícola ', 25),
(91, 'Extensión Rural', 25),
(92, 'Agroindustrias', 25),
(93, 'Desarrollo Rural y Sostenible y Política Agraria', 25),
(96, 'Desarrollo Humano, Familiar y Sexualidad ', 26),
(97, 'Alimentación y Nutrición Familiar e Institucional', 26),
(98, 'Administración del Hogar y Educación al Consumidor', 26),
(101, 'Textiles y Vestuarios', 26),
(102, 'La Vivienda y Ambiente', 26),
(104, 'Anatomía, Fisiología y Salud Animal', 27),
(105, 'Reproducción y Biotecnología Animal', 27),
(106, 'Mejoramiento Animal', 27),
(107, 'Nutrición y Alimentación Animal', 27),
(108, 'Pastos y Forrajes', 27),
(109, 'Producción Bovina', 27),
(110, 'Producción de Especies Menores', 27),
(111, 'Producción Porcina', 27),
(112, 'Producción de Especies Alternativas', 27),
(113, 'Tecnología y Procedimiento de Productos Pecuarios', 27),
(114, 'Fitotecnia', 28),
(115, 'Biotecnología', 28),
(116, 'Granos Básicos', 28),
(117, 'Horticultura', 28),
(118, 'Manejo Post Cosecha', 28),
(119, 'Mejoramiento Genético de Cultivos', 28),
(120, 'Agricultura Orgánica', 28),
(121, 'Manejo de Cuencas Hidrográficas', 29),
(122, 'Silvicultura', 29),
(123, 'Energía, Mecanización Agrícola y Construcciones Rurales', 29),
(124, 'Manejo de Suelos', 29),
(125, 'Recursos Hídricos', 29),
(126, 'Topografía y Geomática', 29),
(127, 'Agroforestería', 29),
(128, 'Manejo Ambiental', 29),
(129, 'Fitopatología', 30),
(130, 'Nematología', 30),
(131, 'Entomología', 30),
(132, 'Maleza', 30),
(133, 'Manejo Integrado de Plagas', 30),
(134, 'Didáctica', 31),
(135, 'Tecnología Educativa', 31),
(136, 'Teoría de la Educación', 32),
(137, 'Evolución y Desarrollo de la Pedagogía', 32),
(138, 'Psicopedagogía del Desarrollo', 33),
(139, 'Psicopedagogía Terapéutica', 33),
(140, 'Investigación Educativa', 34),
(141, 'Evaluación Educativa', 34),
(142, 'Planeamiento Curricular', 35),
(143, 'Desarrollo Curricular', 35),
(144, 'Administración Educativa', 36),
(145, 'Planificación Educativa', 36),
(146, 'Supervisión Educativa', 36),
(147, 'Orientación Educativa', 37),
(148, 'Orientación Personal-Social', 37),
(149, 'Orientación Vocacional-Profesional ', 37),
(150, 'Física', 38),
(151, 'Geotecnología', 38),
(152, 'Matemática(I)', 39),
(153, 'Estadística Aplicada', 40),
(154, 'Estadística Matemática', 40),
(155, 'Estadística de Población', 40),
(156, 'Fisiología y Comportamiento Animal', 41),
(157, 'Biología Marina', 42),
(158, 'Limnologia', 42),
(159, 'Oceanografía', 42),
(160, 'Zoología(I)', 43),
(161, 'Estructural y Sistemática', 44),
(162, 'Ecología Vegetal', 44),
(163, 'Fisiología Vegetal y Ecofisiología', 44),
(164, 'Genética Vegetal', 44),
(165, 'Bioquímica Vegetal', 44),
(166, 'Genética y Biología Molecular', 45),
(168, 'Química Inorgánica', 46),
(169, 'Química Inorgánica Aplicada', 46),
(170, 'Química Educativa', 46),
(171, 'Química Orgánica', 47),
(172, 'Síntesis Orgánica', 47),
(173, 'Química Industrial y Ambiental', 47),
(174, 'Productos Naturales', 47),
(175, 'Química Física', 48),
(176, 'Química Física Industrial', 48),
(177, 'ElectroQuímica y Corrosión', 48),
(178, 'Química Física de los Materiales', 48),
(179, 'Química Física Ambiental', 48),
(180, 'Química Analítica', 49),
(181, 'Métodos Analíticos de Separación e Instrumentación', 49),
(182, 'Química Analítica Ambiental', 49),
(183, 'Química Analítica Aplicada y Desarrollo Tecnológico', 49),
(184, 'Bioquímica', 50),
(185, 'Bioquímica Medicinal', 50),
(186, 'Enzimología y Metabolismo Intermediario', 50),
(187, 'BioQuímica Molecular y Biotecnología', 50),
(188, 'BioQuímica Nutricional y de Alimentos', 50),
(189, 'BioQuímica Ecológica y Ambiental', 50),
(190, 'Ciencias y Tecnologías de Alimentos', 51),
(191, 'Microbiología', 52),
(192, 'Parasitología', 52),
(193, 'Diseño en la Comunicación Social', 53),
(194, 'Tecnologías de la Comunicación(I) ', 53),
(195, 'Producción', 53),
(196, 'Géneros de Información(I)', 54),
(197, 'Comunicología', 54),
(208, 'Derecho Privado', 57),
(209, 'Derecho Romano ', 57),
(210, 'Derecho de Familia ', 57),
(211, 'Derecho Administrativo', 58),
(212, 'Derecho Financiero', 58),
(213, 'Derecho Económico y de la Integración', 58),
(214, 'Derecho Internacional Publico', 58),
(215, 'Derecho Aduanero', 58),
(216, 'Derecho Publico', 58),
(218, 'Derecho Penal', 59),
(219, 'Criminología', 59),
(220, 'Derecho Procesal', 60),
(221, 'Derecho Procesal Civil', 60),
(222, 'Derecho Procesal Penal', 60),
(223, 'Derecho Procesal Constitucional', 60),
(224, 'Derecho Procesal Probatorio', 60),
(225, 'Practica Forense', 60),
(227, 'Derecho Agrario', 61),
(228, 'Derecho Ecológico y Ambiental', 61),
(229, 'Derecho de la Seguridad Social', 61),
(230, 'Legislación Social de Arrendamiento', 61),
(231, 'Derecho Social', 61),
(232, 'Derecho Cooperativo', 61),
(233, 'Derecho Industrial de Minas', 61),
(234, 'Metodologías y Técnicas de la Investigación Jurídica ', 62),
(235, 'Introducción al Derecho', 62),
(236, 'Teoría y Desarrollo Económico', 63),
(237, 'Economía Aplicada', 64),
(238, 'Economía Financiera y Bancaria', 64),
(239, 'Estadística Económica y Social', 65),
(240, 'Enfermería en Salud y Enfermedad Mental', 66),
(241, 'Enfermería Medicoquirúrgica', 67),
(242, 'Administración de los Servicios de Enfermería y Salud', 68),
(243, 'Enseñanza de los Servicios de Enfermería y Salud', 68),
(245, 'Enfermería en Salud de la Mujer', 69),
(246, 'Enfermería en Salud de la Niñez y Adolescencia', 69),
(247, 'Enfermería en Salud Comunitaria', 70),
(248, 'Atención Farmacéutica', 71),
(249, 'Administración de Salud', 71),
(250, 'Química Farmacéutica', 72),
(251, 'Ciencia y Tecnología Farmacéutica', 73),
(252, 'Bibliotecología y Ciencias de la Información', 74),
(253, 'Gestión de Documentos e Información', 74),
(254, 'Tecnología Aplicada a las Unidades de Información', 74),
(255, 'Registros Médicos', 74),
(256, 'Archivología o Archivística ', 74),
(257, 'Ciencias Aplicadas a la Actividad Física', 75),
(258, 'Deporte y Recreación', 75),
(259, 'Literatura Española', 76),
(260, 'Lingüística Española', 76),
(261, 'Filosofía Practica', 77),
(262, 'Filosofía Sistemática', 77),
(263, 'Filosofía Temática', 77),
(264, 'Teorías Sociológicas', 78),
(265, 'Metodología de la Investigación Sociológica', 78),
(266, 'Sociología Aplicada', 78),
(267, 'Historia Universal', 79),
(268, 'Historiografía ', 79),
(269, 'Historia de Panamá y América', 79),
(270, 'Antropología', 79),
(271, 'Turismo Histórico Cultural', 79),
(272, 'Geografía Física', 80),
(273, 'Geografía Humana', 80),
(274, 'Geografía Regional', 80),
(275, 'Cartografía(I)', 80),
(276, 'Meteorología(I)', 80),
(277, 'Geografía del Turismo', 80),
(278, 'Lingüística en Inglés(I)', 81),
(279, 'Literatura del Idioma Inglés', 81),
(280, 'Lingüística Francesa', 82),
(281, 'Literatura Francesa', 82),
(282, 'Lenguas Extranjeras', 83),
(283, 'Español como Lengua Extranjera', 83),
(284, 'Electrónica y Microelectrónica', 84),
(285, 'Control de Análisis de Sistemas y Señales', 84),
(286, 'Comunicaciones', 84),
(287, 'Sistema de Información e Ingeniera de Software', 85),
(288, 'Informática Aplicada, Sistemas Virtuales y Multimedia', 85),
(289, 'Teoría de la Computación e Inteligencia Artificial ', 85),
(290, 'Administración de Centros de Información, Auditoria y Seguridad de Sistemas de Información', 85),
(291, 'Anatomía Humana', 86),
(292, 'Embriología Humana', 86),
(293, 'Bioquímica Humana', 87),
(294, 'Bioquímica Aplicada', 87),
(295, 'Nutrición Humana', 87),
(296, 'Gestión de Laboratorio Clínico', 88),
(297, 'Biotecnología Aplicada al Laboratorio Clínico', 88),
(298, 'Citología e Histotecnología Aplicada al Laboratorio Clínico ', 88),
(299, 'Hematología Aplicada en Análisis Clínico', 88),
(300, 'Química Aplicada al Laboratorio Clínico', 88),
(301, 'Parasitología Aplicada en Análisis Clínico', 88),
(302, 'Genética Humana y Biología Molecular Aplicada al Laboratorio Clínico', 88),
(303, 'Inmunología Aplicada en Análisis Clínico', 88),
(304, 'Anestesiología', 89),
(305, 'Cirugía', 89),
(306, 'Otorrinolaringología', 89),
(307, 'Ortopedia', 89),
(308, 'Oftalmología', 89),
(309, 'Urología', 89),
(310, 'Neurocirugía y Neurología', 89),
(311, 'Dietética y Nutrición Aplicada', 90),
(312, 'Farmacología', 91),
(313, 'Fisiología Humana', 92),
(314, 'Ginecólogo y Subespecialistas de Ginecológicas', 93),
(315, 'Obstetricia y Subespecialistas de Obstétricas', 93),
(316, 'Histología Humana', 94),
(317, 'Neuroanatomía Humana', 94),
(318, 'Biología Celular Humana', 94),
(319, 'Histotecnología Humana', 94),
(320, 'Citotecnología Humana', 94),
(321, 'Infectología', 95),
(322, 'Reumatología', 95),
(323, 'Endocrinología', 95),
(324, 'Cuidados Intensivos', 95),
(325, 'Gastroenterología', 95),
(326, 'Geriatría', 95),
(327, 'Nefrología', 95),
(328, 'Oncología Medica', 95),
(329, 'Cardiología', 95),
(330, 'Dermatología', 95),
(331, 'Medicina Interna', 95),
(332, 'Neumología', 95),
(333, 'Propedéutica Clínica y Fisiopatología', 95),
(334, 'Radiología', 95),
(335, 'Medicina Familiar', 96),
(336, 'Psiquiatría', 96),
(337, 'Medicina Legal', 96),
(338, 'Ética Medica', 96),
(339, 'Gerencia en Salud', 97),
(340, 'Salud Ocupacional', 97),
(341, 'Epidemiologia', 97),
(342, 'Promoción de la Salud', 97),
(343, 'Salud Integral', 97),
(344, 'Microbiología Medica', 98),
(345, 'Parasitología Medica', 98),
(346, 'Inmunología Medica', 98),
(347, 'Patología Humana', 99),
(348, 'Patología Clínica', 99),
(349, 'Patología Molecular', 99),
(350, 'Patología Forense', 99),
(351, 'Inmunopatología', 99),
(352, 'Pediatría General', 100),
(353, 'Neonatología', 100),
(354, 'Farmacología', 101),
(355, 'Toxicología', 101),
(356, 'Enfermedades Transmisibles', 102),
(357, 'Bromatología y Salud Publica', 102),
(358, 'Patología Veterinaria', 104),
(359, 'Reproducción Animal', 104),
(360, 'Morfología y Desarrollo', 104),
(361, 'Clínicas Veterinarias', 105),
(362, 'Cirugía Veterinaria', 105),
(363, 'Farmacología Veterinaria y Terapéutica', 105),
(364, 'Producción Animal', 106),
(366, 'Administración de Clínicas Odontológicas', 107),
(367, 'Cirugía Bucal y Maxilofacial', 108),
(368, 'Endodoncia', 108),
(369, 'Periodoncia', 108),
(370, 'Anatomía Humana de Cabeza y Cuello', 109),
(371, 'Patología Bucal', 109),
(372, 'Diagnostico y Medicina Bucal', 109),
(373, 'Radiología e Imagenología Bucal', 109),
(374, 'Ortodoncia', 110),
(375, 'Odontología Infantil', 110),
(376, 'Salud Publica o Administración de Servicios de Salud', 111),
(377, 'Administración de Clínicas Odontológicas', 111),
(378, 'Investigación en Salud Bucal', 111),
(379, 'Ética y Jurisprudencia en Odontología', 111),
(380, 'Odontología Forense', 111),
(381, 'Materiales Dentales', 112),
(382, 'Oclusión', 112),
(383, 'Anatomía Dental', 112),
(384, 'Odontología General Avanzada o del Adulto', 112),
(385, 'Rehabilitación Oral: Prótesis Parcial Fija, Prótesis Parcial Removible, Prótesis Total, Implantología', 112),
(386, 'Restauradora Dental/Operatoria Dental', 112),
(387, 'Psicología Experimental', 113),
(388, 'Medición, Investigación y Evaluación Psicológica', 113),
(389, 'Psicología Clínica y de la Salud', 114),
(390, 'Psicopatología y Psicoterapia', 114),
(391, 'Psicología de la Familia', 114),
(392, 'Psicofisiología', 114),
(393, 'Psicología Educativa', 115),
(394, 'Psicología Escolar', 115),
(395, 'Psicología Industrial y Organizacional', 116),
(396, 'Psicología Social', 116),
(398, 'Educación(I)', 117),
(400, 'Derecho Constitucional', 118),
(401, 'Metodología y Técnicas de Investigación Jurídica', 62),
(402, 'Metodología y Técnicas de la Investigación Jurídica', 119),
(403, 'Derecho  Comercial', 120),
(406, 'Ganado Bovino', 27),
(409, 'Derecho Civil', 57),
(412, 'Criminología', 123),
(413, 'Derecho del Trabajo', 124),
(415, 'Agronegocios', 25),
(416, 'Evaluación Curricular(I)', 35),
(417, 'Inglés como segunda enseñanza(I)', 81),
(418, 'Lingüística de la Lengua Inglesa', 81),
(419, 'Invertebrados', 43),
(420, 'Vertebrados', 43),
(421, 'Ecología y Biología de la Conservación', 43),
(422, 'Métodos de la Invest. en la Com. Social', 131),
(423, 'Promoción y Medios', 53),
(424, 'Género  y Estructura de la Comunicación', 54),
(425, 'Diseño y Construcción de Obras Civiles', 132),
(426, 'Gestión de Obras Civiles', 132),
(427, 'Infraestructura', 132),
(428, 'Psicología Clínica y de la Salud', 133),
(429, 'Psicopatología y Psicoterapia', 133),
(430, 'Seguridad y Ambiente', 134),
(431, 'Riesgos y Amenazas', 134),
(432, 'Estructura y Planificación Industrial', 134),
(433, 'Gestión de Procesos', 134),
(434, 'Geología', 135),
(435, 'Fisiografía y Biogeografía', 135),
(436, 'Topografía y Geodesia', 135),
(437, 'Metereología', 135),
(438, 'Genética Humana', 95),
(439, 'Hematología', 95),
(440, 'Toxicología', 91),
(441, 'Inmunohematología y Banco de Sangre', 88),
(442, 'Microbiología Aplicada en Análisis Clínicos', 88),
(443, 'Comportamiento Organizacional', 12),
(444, 'Gastronomía', 26),
(445, 'Matemática Pura', 39),
(446, 'Matemática Aplicada', 39),
(447, 'Matemática Educativa', 39),
(448, 'Biología Ambiental', 136),
(449, 'Física Ambiental', 136),
(450, 'Química Ambiental', 136),
(451, 'Ecología Aplicada', 136),
(452, 'Lenguaje y Redacción', 54),
(453, 'Perfeccionamiento', 131),
(454, 'Organización y Programación', 131),
(455, 'Ciencias Políticas', 118),
(456, 'Derecho Romano', 120),
(457, 'Derecho Internacional Privado', 120),
(458, 'Derecho Marítimo', 120),
(459, 'Derecho Civil', 120),
(460, 'Derecho Bancario', 120),
(461, 'Derecho Privado', 120),
(462, 'Derecho de Familia', 120),
(463, 'Arbitraje, Mediación y Conciliación', 120),
(464, '  Derecho Administrativo', 121),
(465, 'Derecho Internacional Público', 121),
(466, 'Derecho Financiero', 121),
(467, 'Derecho Económico y de la Integración', 121),
(468, 'Derecho Aduanero', 121),
(469, 'Derecho Público', 121),
(470, 'Derecho Penal', 123),
(471, 'Derecho Agrario', 124),
(472, 'Derecho de la Seguridad Social', 124),
(473, 'Legislación Social de Arrendamiento', 124),
(474, 'Derecho Social', 124),
(475, 'Derecho Cooperativo', 124),
(476, 'Derecho Ecológico y Ambiental', 124),
(477, 'Derecho Industrial y de Minas', 124),
(478, 'Introducción al Derecho', 119),
(479, 'Derecho Humanos', 119),
(480, 'Redes de Computadoras, Sistemas Operativos y Arquitectura de los Computadores', 85),
(481, 'Ciencia de la Información Especializada', 74);

-- --------------------------------------------------------

--
-- Estructura de tabla para la tabla `corregimientos_panama`
--

CREATE TABLE `corregimientos_panama` (
  `id_num_correg` int(5) NOT NULL,
  `nombre_correg` varchar(100) COLLATE utf8_spanish_ci NOT NULL,
  `id_num_dist` int(5) NOT NULL
) ENGINE=InnoDB DEFAULT CHARSET=utf8 COLLATE=utf8_spanish_ci;

--
-- Volcado de datos para la tabla `corregimientos_panama`
--

INSERT INTO `corregimientos_panama` (`id_num_correg`, `nombre_correg`, `id_num_dist`) VALUES
(1, 'Bocas del Toro', 1),
(2, 'Bastimentos', 1),
(3, 'Cauchero', 1),
(4, 'Punta Laurel', 1),
(5, 'Tierra Oscura', 1),
(6, 'Changuinola', 2),
(7, 'Almirante', 2),
(8, 'Cochigro', 2),
(9, 'El Empalme', 2),
(10, 'Guabito', 2),
(11, 'La Gloria', 2),
(12, 'Las Delicias', 2),
(13, 'Las Tablas', 2),
(14, 'Nance de Risco', 2),
(15, 'El Teribe', 2),
(16, 'Valle del Risco', 2),
(17, 'Valle de Agua', 2),
(18, 'Chiriquí Grande', 3),
(19, 'Bajo Cedro', 3),
(20, 'Miramar', 3),
(21, 'Punta Peña', 3),
(22, 'Punta Robalo', 3),
(23, 'Rambala', 3),
(24, 'Aguadulce', 4),
(25, 'Barrios Unidos', 4),
(26, 'El Cristo', 4),
(27, 'El Roble', 4),
(28, 'Pocrí', 4),
(29, 'Antón', 5),
(30, 'Caballero', 5),
(31, 'Cabuya', 5),
(32, 'El Chirú', 5),
(33, 'El Retiro', 5),
(34, 'El Valle', 5),
(35, 'Juan Díaz', 5),
(36, 'Río Hato', 5),
(37, 'San Juan de Dios', 5),
(38, 'Santa Rita', 5),
(39, 'La Pintada', 6),
(40, 'El Harino', 6),
(41, 'El Potrero', 6),
(42, 'Las Lomas', 6),
(43, 'Llano Grande', 6),
(44, 'Piedras Gordas', 6),
(45, 'Natá', 7),
(46, 'Capellanía', 7),
(47, 'El Caño', 7),
(48, 'Guzmán', 7),
(49, 'Las Huacas', 7),
(50, 'Toza', 7),
(51, 'Olá', 8),
(52, 'El Copé', 8),
(53, 'El Palmar', 8),
(54, 'El Picacho', 8),
(55, 'La Pava', 8),
(56, 'Penonomé', 9),
(57, 'Cañaveral', 9),
(58, 'Coclé', 9),
(59, 'Chiguirí Arriba', 9),
(60, 'El Coco', 9),
(61, 'El Valle de San Miguel', 9),
(62, 'Pajonal', 9),
(63, 'Río Grande', 9),
(64, 'Río Índio', 9),
(65, 'Toabré', 9),
(66, 'Tulú', 9),
(67, 'Barrio Norte', 10),
(68, 'Barrio Sur', 10),
(69, 'Buena Vista', 10),
(70, 'Cativá', 10),
(71, 'Ciricito', 10),
(72, 'Cristósbal', 10),
(73, 'Escobal', 10),
(74, 'Limón', 10),
(75, 'Nueva Providencia', 10),
(76, 'Puerto Pilón', 10),
(77, 'Sabanitas', 10),
(78, 'Salamanca', 10),
(79, 'San Juan', 10),
(80, 'Santa Rosa', 10),
(81, 'Nuevo Chagres', 11),
(82, 'Achiote', 11),
(83, 'El Guabo', 11),
(84, 'La Encantada', 11),
(85, 'Palmas Bellas', 11),
(86, 'Piña', 11),
(87, 'Salud', 11),
(88, 'Miguel de la Borda', 12),
(89, 'Coclé del Norte', 12),
(90, 'El Guásimos', 12),
(91, 'Gobea', 12),
(92, 'Río Índio', 12),
(93, 'San José del General', 12),
(94, 'Portobelo', 13),
(95, 'Cacique', 13),
(96, 'Garrote', 13),
(97, 'Isla Grande', 13),
(98, 'María Chiquita', 13),
(99, 'Palenque', 14),
(100, 'Cuango', 14),
(101, 'Miramar', 14),
(102, 'Nombre de Dios', 14),
(103, 'Palmira', 14),
(104, 'Playa Chiquita', 14),
(105, 'Santa Isabel', 14),
(106, 'Viento Frío', 14),
(107, 'Alanje', 15),
(108, 'Divalá', 15),
(109, 'Canta Gallo', 15),
(110, 'El Tejar', 15),
(111, 'Guarumal', 15),
(112, 'Nuevo México', 15),
(113, 'Querévalo', 15),
(114, 'Palo Grande', 15),
(115, 'Santo Tomás', 15),
(116, 'Puerto Armuelles', 16),
(117, 'Baco', 16),
(118, 'Limones', 16),
(119, 'Progreso', 16),
(120, 'Rodolfo Aguilar Delgado', 16),
(121, 'Boquerón', 17),
(122, 'Bágala', 17),
(123, 'Coordillera', 17),
(124, 'Guabal', 17),
(125, 'Guayabal', 17),
(126, 'Paraíso', 17),
(127, 'Pedregal', 17),
(128, 'Tijeras', 17),
(129, 'Bajo Boquete', 18),
(130, 'Alto Boquete', 18),
(131, 'Caldera', 18),
(132, 'Jaramillo', 18),
(133, 'Los Naranjos', 18),
(134, 'Palmira', 18),
(135, 'La Concepción', 19),
(136, 'Aserrío de Gariché', 19),
(137, 'Bugaba', 19),
(138, 'Cerro Punta', 19),
(139, 'El Bongo', 19),
(140, 'Gómez', 19),
(141, 'La Estrella', 19),
(142, 'San Andrés', 19),
(143, 'Santa Marta', 19),
(144, 'Santa Rosa', 19),
(145, 'Santo Domingo', 19),
(146, 'Solano', 19),
(147, 'Sortová', 19),
(148, 'Volcán', 19),
(149, 'David', 20),
(150, 'Bijagual', 20),
(151, 'Cochea', 20),
(152, 'Chiriquí', 20),
(153, 'Guacá', 20),
(154, 'Las Lomas', 20),
(155, 'Pedregal', 20),
(156, 'San Carlos', 20),
(157, 'San Pablo Nuevo', 20),
(158, 'San Pablo Viejo', 20),
(159, 'Dolega', 21),
(160, 'Dos Ríos', 21),
(161, 'Los Algarrobos', 21),
(162, 'Los Anastacios', 21),
(163, 'Potrerillos', 21),
(164, 'Potrerillos Abajo', 21),
(165, 'Rovira', 21),
(166, 'Tinajas', 21),
(167, 'Gualaca', 22),
(168, 'Hornito', 22),
(169, 'Los Angeles', 22),
(170, 'Paja de Sombrero', 22),
(171, 'Rincón', 22),
(172, 'Remedios', 23),
(173, 'El Nancito', 23),
(174, 'El Porvenir', 23),
(175, 'El Puerto', 23),
(176, 'Santa Lucía', 23),
(177, 'Río Sereno', 24),
(178, 'Breñon', 24),
(179, 'Cañas Gordas', 24),
(180, 'Dominical', 24),
(181, 'Monte Lirio', 24),
(182, 'Plaza de Caisán', 24),
(183, 'Santa Cruz', 24),
(184, 'Santa Clara', 24),
(185, 'Las Lajas', 25),
(186, 'Lajas Adentro', 25),
(187, 'Juay', 25),
(188, 'San Félix', 25),
(189, 'Santa Cruz', 25),
(190, 'Horconcitos', 26),
(191, 'Boca Chica', 26),
(192, 'Boca del Monte', 26),
(193, 'San Juan', 26),
(194, 'San Lorenzo', 26),
(195, 'Tolé', 27),
(196, 'Bella Vista', 27),
(197, 'Cerro Viejo', 27),
(198, 'El Cristo', 27),
(199, 'Justo Fidel Palacios', 27),
(200, 'Lajas de Tolé', 27),
(201, 'Potrero de Caña', 27),
(202, 'Quebrada de Piedra', 27),
(203, 'Veladero', 27),
(204, 'La Palma', 28),
(205, 'Agua Fría', 28),
(206, 'Camoganti', 28),
(207, 'Chepigana', 28),
(208, 'Cucunatí', 28),
(209, 'Garachiné', 28),
(210, 'Jaqué', 28),
(211, 'Puerto Piña', 28),
(212, 'Río Congo', 28),
(213, 'Río Iglesias', 28),
(214, 'Sambú', 28),
(215, 'Setegantí', 28),
(216, 'Taimatí', 28),
(217, 'Tucutí', 28),
(218, 'Río Congo Arriba', 28),
(219, 'Santa Fé', 28),
(220, 'El Real de Santa María', 29),
(221, 'Boca de Cupe', 29),
(222, 'Paya', 29),
(223, 'Pinogana', 29),
(224, 'Púcuro', 29),
(225, 'Yape', 29),
(226, 'Yaviza', 29),
(227, 'Metetí', 29),
(228, 'Wargandí', 29),
(229, 'Chitré', 30),
(230, 'La Arena', 30),
(231, 'Monagrillo', 30),
(232, 'LLano Bonito', 30),
(233, 'San Juan Bautista', 30),
(234, 'Las Minas', 31),
(235, 'Chepo', 31),
(236, 'Chumical', 31),
(237, 'El Toro', 31),
(238, 'Leones', 31),
(239, 'Quebrada del Rosario', 31),
(240, 'Quebrada El Ciprión', 31),
(241, 'Los Pozos', 32),
(242, 'El Capurí', 32),
(243, 'El Calabacito', 32),
(244, 'El Cedro', 32),
(245, 'La Arena', 32),
(246, 'La Pitaloza', 32),
(247, 'Los Cerritos', 32),
(248, 'Los Cerros de Paja', 32),
(249, 'Las Llanas', 32),
(250, 'Ocú', 33),
(251, 'Cerro Largo', 33),
(252, 'El Tijera', 33),
(253, 'Entradero del Castillo', 33),
(254, 'Los LLanos', 33),
(255, 'Llano Grande', 33),
(256, 'Menchaca', 33),
(257, 'Peñas Chatas', 33),
(258, 'Parita', 34),
(259, 'Cabuya', 34),
(260, 'Los Castillos', 34),
(261, 'LLano de la Cruz', 34),
(262, 'París', 34),
(263, 'Portobelillo', 34),
(264, 'Potuga', 34),
(265, 'Pesé', 35),
(266, 'Las Cabras', 35),
(267, 'Los Pájaros', 35),
(268, 'El Barrero', 35),
(269, 'El Pedregoso', 35),
(270, 'El Ciruelo', 35),
(271, 'Sabanagrande', 35),
(272, 'Rincón Hondo', 35),
(273, 'Santa María', 36),
(274, 'Chupampa', 36),
(275, 'El Rincón', 36),
(276, 'El Limón', 36),
(277, 'Los Canelos', 36),
(278, 'Guararé', 37),
(279, 'El Espinal', 37),
(280, 'El Macano', 37),
(281, 'Guararé Arriba', 37),
(282, 'La Enea', 37),
(283, 'La Pasera', 37),
(284, 'Las Trancas', 37),
(285, 'Llano Abajo', 37),
(286, 'El Hato', 37),
(287, 'Perales', 37),
(288, 'Las Tablas', 38),
(289, 'Bajo Corral', 38),
(290, 'Bayano', 38),
(291, 'El Carate', 38),
(292, 'El Cocal', 38),
(293, 'El Manantial', 38),
(294, 'El Muñoz', 38),
(295, 'El Pedregoso', 38),
(296, 'La Laja', 38),
(297, 'La Miel', 38),
(298, 'La Palma', 38),
(299, 'La Tiza', 38),
(300, 'Las Palmitas', 38),
(301, 'Las Tablas Abajo', 38),
(302, 'Nuario', 38),
(303, 'Palmira', 38),
(304, 'Peña Blanca', 38),
(305, 'Río Hondo', 38),
(306, 'San José', 38),
(307, 'San Miguel', 38),
(308, 'Santo Domingo', 38),
(309, 'El Sesteadero', 38),
(310, 'Valle Rico', 38),
(311, 'Vallerriquito', 38),
(312, 'La Villa de los Santos', 39),
(313, 'El Ejido', 39),
(314, 'El Guásimo', 39),
(315, 'La Colorada', 39),
(316, 'La Espigadilla', 39),
(317, 'Las Cruces', 39),
(318, 'Las Guabas', 39),
(319, 'Los Ángeles', 39),
(320, 'Los Olivos', 39),
(321, 'Llano Largo', 39),
(322, 'Sabanagrande', 39),
(323, 'San Agustín', 39),
(324, 'Santa Ana', 39),
(325, 'Tres Quebradas', 39),
(326, 'Villa Lourdes', 39),
(327, 'Agua Buena', 39),
(328, 'Macaracas', 40),
(329, 'Bahía Honda', 40),
(330, 'Bajos de Guera', 40),
(331, 'Corozal', 40),
(332, 'Chupá', 40),
(333, 'El Cedro', 40),
(334, 'Espino Amarillo', 40),
(335, 'La Mesa', 40),
(336, 'Llano de Piedras', 40),
(337, 'Las Palmas', 40),
(338, 'Mogollón', 40),
(339, 'Pedasí', 41),
(340, 'Los Asientos', 41),
(341, 'Mariabé', 41),
(342, 'Purio', 41),
(343, 'Oria Arriba', 41),
(344, 'Pocrí', 42),
(345, 'El Cañafístulo', 42),
(346, 'Lajamina', 42),
(347, 'Paraíso', 42),
(348, 'Paritilla', 42),
(349, 'Tonosí', 43),
(350, 'Altos de Guera', 43),
(351, 'Cañas', 43),
(352, 'El Bebedero', 43),
(353, 'El Cacao', 43),
(354, 'El Cortezo', 43),
(355, 'Flores', 43),
(356, 'Guánico', 43),
(357, 'La Tronosa', 43),
(358, 'Cambutal', 43),
(359, 'Isla de Cañas', 43),
(360, 'San Miguel', 44),
(361, 'La Ensenada', 44),
(362, 'La Esmeralda', 44),
(363, 'La Guinea', 44),
(364, 'Pedro González', 44),
(365, 'Saboga', 44),
(366, 'Chepo', 45),
(367, 'Cañita', 45),
(368, 'Chepillo', 45),
(369, 'El Llano', 45),
(370, 'Las Margaritas', 45),
(371, 'Santa Cruz de Chinina', 45),
(372, 'Tortí', 45),
(373, 'Madugandí', 45),
(374, 'Chimán', 46),
(375, 'Brujas', 46),
(376, 'Gonzalo Vásquez', 46),
(377, 'Pásiga', 46),
(378, 'Unión Santeña', 46),
(379, '24 de Diciembre', 47),
(380, 'Alcalde Díaz', 47),
(381, 'Ancón', 47),
(382, 'Betania', 47),
(383, 'Bella Vista', 47),
(384, 'Calidonia', 47),
(385, 'Caimitillo', 47),
(386, 'Chilibre', 47),
(387, 'El Chorrillo', 47),
(388, 'Curundú', 47),
(389, 'Ernesto Córdoba Campos', 47),
(390, 'Juan Díaz', 47),
(391, 'Las Cumbres', 47),
(392, 'Las Mañanitas', 47),
(393, 'Pacora', 47),
(394, 'Parque Lefevre', 47),
(395, 'Pedregal', 47),
(396, 'Pueblo Nuevo', 47),
(397, 'Río Abajo', 47),
(398, 'San Felipe', 47),
(399, 'San Francisco', 47),
(400, 'San Martín', 47),
(401, 'Santa Ana', 47),
(402, 'Tocumen', 47),
(403, 'Amelia Denis de Icaza', 48),
(404, 'Belisario Porras', 48),
(405, 'José Domingo Espinar', 48),
(406, 'Mateo Iturralde', 48),
(407, 'Victoriano Lorenzo', 48),
(408, 'Arnulfo Arias', 48),
(409, 'Belisario Frías', 48),
(410, 'Omar Torrijos', 48),
(411, 'Rufina Alfaro', 48),
(412, 'Taboga', 49),
(413, 'Otoque Occidente', 49),
(414, 'Otoque Oriente', 49),
(415, 'Atalaya', 50),
(416, 'El Barrito', 50),
(417, 'La Carrillo', 50),
(418, 'La Montañuela', 50),
(419, 'San Antonio', 50),
(420, 'Calobre', 51),
(421, 'Barnizal', 51),
(422, 'Chitra', 51),
(423, 'El Cocla', 51),
(424, 'El Potrero', 51),
(425, 'La Laguna', 51),
(426, 'La Raya de Calobre', 51),
(427, 'La Tetilla', 51),
(428, 'La Yeguada', 51),
(429, 'Las Guías', 51),
(430, 'Monjarás', 51),
(431, 'San José', 51),
(432, 'Cañazas', 52),
(433, 'Cerro de Plata', 52),
(434, 'El Aromillo', 52),
(435, 'El Picador', 52),
(436, 'Las Cruces', 52),
(437, 'Los Valles', 52),
(438, 'San José', 52),
(439, 'San Marcelo', 52),
(440, 'La Mesa', 53),
(441, 'Bisvalles', 53),
(442, 'Boró', 53),
(443, 'El Higo', 53),
(444, 'Los Milagros', 53),
(445, 'Llano Grande', 53),
(446, 'San Bartolo', 53),
(447, 'Las Palmas', 54),
(448, 'Cerro de Casa', 54),
(449, 'Corozal', 54),
(450, 'El María', 54),
(451, 'El Prado', 54),
(452, 'El Rincón', 54),
(453, 'Lolá', 54),
(454, 'Manuel Amador Guerrero', 54),
(455, 'Pixvae', 54),
(456, 'Puerto Vidal', 54),
(457, 'San Martín de Porres', 54),
(458, 'Viguí', 54),
(459, 'Zapotillo', 54),
(460, 'Mariato', 55),
(461, 'Arenas', 55),
(462, 'El Cacao', 55),
(463, 'Quebro', 55),
(464, 'Tebario', 55),
(465, 'Montijo', 56),
(466, 'Cébaco', 56),
(467, 'Costa Hermosa', 56),
(468, 'Gobernadora', 56),
(469, 'La Garceana', 56),
(470, 'Leones', 56),
(471, 'Pilón', 56),
(472, 'Unión del Norte', 56),
(473, 'Río de Jesús', 57),
(474, '14 de Noviembre', 57),
(475, 'Las Huacas', 57),
(476, 'Los Castillos', 57),
(477, 'Utira', 57),
(478, 'San Francisco', 58),
(479, 'Corral Falso', 58),
(480, 'Los Hatillos', 58),
(481, 'Remance', 58),
(482, 'San Juan', 58),
(483, 'San José', 58),
(484, 'Santa Fé', 59),
(485, 'Calovébora', 59),
(486, 'El Alto', 59),
(487, 'El Cuay', 59),
(488, 'El Pantano', 59),
(489, 'Gatuncito', 59),
(490, 'Río Luis', 59),
(491, 'Rubén Cantú', 59),
(492, 'Santiago', 60),
(493, 'Canto del Llano', 60),
(494, 'Carlos Santana Ávila', 60),
(495, 'Edwin Fábrega', 60),
(496, 'El Llanito', 60),
(497, 'La Colorada', 60),
(498, 'La Peña', 60),
(499, 'La Raya de Santa María', 60),
(500, 'La Soledad', 60),
(501, 'Los Algarrobos', 60),
(502, 'Ponuga', 60),
(503, 'San Martín de Porres', 60),
(504, 'San Pedro del Espino', 60),
(505, 'Rincón Largo', 60),
(506, 'Urracá', 60),
(507, 'Soná', 61),
(508, 'Bahía Honda', 61),
(509, 'Calidonia', 61),
(510, 'Cativé', 61),
(511, 'El Marañon', 61),
(512, 'Guarumal', 61),
(513, 'Hicaco', 61),
(514, 'La Soledad', 61),
(515, 'Quebrada de Oro', 61),
(516, 'Río Grande', 61),
(517, 'Rodeo Viejo', 61),
(518, 'Ailigandi', 62),
(519, 'Narganá', 62),
(520, 'Puerto Obaldía', 62),
(521, 'Tubuala', 62),
(522, 'Cirilo Guaynora', 63),
(523, 'Lajas Blancas', 63),
(524, 'Manuel Ortega', 63),
(525, 'Jingurundó', 64),
(526, 'Río Sabalo', 64),
(527, 'Soloy', 65),
(528, 'Boca de Balsa', 65),
(529, 'Cerro Banco', 65),
(530, 'Cerro Patena', 65),
(531, 'Camarón Arriba', 65),
(532, 'Emplanada de Chorcha', 65),
(533, 'Namnoní', 65),
(534, 'Niba', 65),
(535, 'Bisira', 66),
(536, 'Burí', 66),
(537, 'Kankintú', 66),
(538, 'Guariviara', 66),
(539, 'Guoroní', 66),
(540, 'Mununí', 66),
(541, 'Piedra Roja', 66),
(542, 'Tuwai', 66),
(543, 'Man Creek', 66),
(544, 'Kusapín', 67),
(545, 'Calovebora/Santa Catalina', 67),
(546, 'Bahía Azul', 67),
(547, 'Río Chiriquí', 67),
(548, 'Loma Yuca', 67),
(549, 'Tobobé', 67),
(550, 'Valle Bonito', 67),
(551, 'Hato Pilón', 68),
(552, 'Cascabel', 68),
(553, 'Hato Corotú', 68),
(554, 'Hato Culantro', 68),
(555, 'Hato Jobo', 68),
(556, 'Hato Julí', 68),
(557, 'Quebrada de Loro', 68),
(558, 'Salto Dupí', 68),
(559, 'Cerro Iglesias', 69),
(560, 'Lajero', 69),
(561, 'Hato Chamí', 69),
(562, 'Susama', 69),
(563, 'Jadeberi', 69),
(564, 'Chichica', 70),
(565, 'Alto Caballero', 70),
(566, 'Bagama', 70),
(567, 'Cerro Caña', 70),
(568, 'Cerro Puerco', 70),
(569, 'Krua', 70),
(570, 'Maraca', 70),
(571, 'Nibra', 70),
(572, 'Peña Blanca', 70),
(573, 'Roka', 70),
(574, 'Sitio Prado', 70),
(575, 'Umaní', 70),
(576, 'Buenos Aires', 71),
(577, 'Agua de Salud', 71),
(578, 'Alto de Jesús', 71),
(579, 'Cerro Pelado', 71),
(580, 'El Bale', 71),
(581, 'El Paredón', 71),
(582, 'El Piro', 71),
(583, 'Guayabito', 71),
(584, 'Guibale', 71),
(585, 'Arraiján', 72),
(586, 'Burunga', 72),
(587, 'Cerro Silvestre', 72),
(588, 'Juan Demóstenes Arosemena', 72),
(589, 'Nuevo Emperador', 72),
(590, 'Santa Clara', 72),
(591, 'Veracruz', 72),
(592, 'Vista Alegre', 72),
(593, 'Capira', 73),
(594, 'Caimito', 73),
(595, 'Campana', 73),
(596, 'Cermeño', 73),
(597, 'Cirí de los Sotos', 73),
(598, 'Cirí Grande', 73),
(599, 'El Cacao', 73),
(600, 'La Trinidad', 73),
(601, 'Las Ollas Arriba', 73),
(602, 'Lídice', 73),
(603, 'Villa Carmen', 73),
(604, 'Villa Rosario', 73),
(605, 'Santa Rosa', 73),
(606, 'Chame', 74),
(607, 'Bejuco', 74),
(608, 'Buenos Aires', 74),
(609, 'Cabuya', 74),
(610, 'Chicá', 74),
(611, 'El Líbano', 74),
(612, 'Las Lajas', 74),
(613, 'Nueva Gorgona', 74),
(614, 'Punta Chame', 74),
(615, 'Sajalices', 74),
(616, 'Sorá', 74),
(617, 'La Chorrera', 75),
(618, 'Barrio Balboa', 75),
(619, 'Barrio Colón', 75),
(620, 'Amador', 75),
(621, 'Arosemena', 75),
(622, 'El Arado', 75),
(623, 'El Coco', 75),
(624, 'Feuillet', 75),
(625, 'Guadalupe', 75),
(626, 'Herrera', 75),
(627, 'Hurtado', 75),
(628, 'Iturralde', 75),
(629, 'La Represa', 75),
(630, 'Los Díaz', 75),
(631, 'Mendoza', 75),
(632, 'Obaldía', 75),
(633, 'Playa Leona', 75),
(634, 'Puerto Caimito', 75),
(635, 'Santa Rita', 75),
(636, 'San Carlos', 76),
(637, 'El Espino', 76),
(638, 'El Higo', 76),
(639, 'Guayabito', 76),
(640, 'La Ermita', 76),
(641, 'La Laguna', 76),
(642, 'Las Uvas', 76),
(643, 'Los Llanitos', 76),
(644, 'San José', 76);

-- --------------------------------------------------------

--
-- Estructura de tabla para la tabla `departamento_u_nacional`
--

CREATE TABLE `departamento_u_nacional` (
  `id` int(11) NOT NULL,
  `opcion` varchar(255) COLLATE utf8_spanish_ci DEFAULT NULL,
  `relacion` int(4) NOT NULL
) ENGINE=InnoDB DEFAULT CHARSET=utf8 COLLATE=utf8_spanish_ci;

--
-- Volcado de datos para la tabla `departamento_u_nacional`
--

INSERT INTO `departamento_u_nacional` (`id`, `opcion`, `relacion`) VALUES
(1, 'Finanzas, Banca, Seguros y Negocios', 1),
(2, 'Control Contable y Auditoría', 1),
(3, 'Sistemas de Información Contable Administrativa', 1),
(4, 'Desarrollo de la Empresa', 1),
(5, 'La Empresa y su Organización', 1),
(6, 'Contabilidad Financiera', 1),
(7, 'Contabilidad Administrativa', 1),
(8, 'Contabilidades Especiales', 1),
(9, 'Mercadeo', 1),
(10, 'Administración de Empresas Turísticas', 1),
(11, 'Administración en Empresas Marítimas', 1),
(12, 'Recursos Humanos', 1),
(13, 'Gerencia Secretarial y de Oficina Bilingüe', 1),
(14, 'Administración Pública', 2),
(15, 'Relaciones Internacionales', 2),
(16, 'Trabajo Social', 2),
(17, 'Arte', 3),
(18, 'Diseño', 3),
(19, 'Planeamiento', 3),
(20, 'Técnica', 3),
(21, 'Música', 4),
(22, 'Artes Visuales', 4),
(23, 'Danza', 4),
(24, 'Arte Teatral', 4),
(25, 'Desarrollo Agropecuario', 5),
(26, 'Ciencias de la Familia y del Desarrollo Comunitario', 5),
(27, 'Zootecnia', 5),
(28, 'Fitotecnia', 5),
(29, 'Suelo y Aguas', 5),
(30, 'Protección Vegetal', 5),
(31, 'Didáctica y Tecnología Educativa ', 6),
(32, 'Desarrollo Educativo', 6),
(33, 'Psicopedagogía ', 6),
(34, 'Evaluación e Investigación Educativa', 6),
(35, 'Currículo', 6),
(36, 'Administración y Supervisión Educativa ', 6),
(37, 'Orientación Educativa y Profesional ', 6),
(38, 'Física', 7),
(39, 'Matemática', 7),
(40, 'Estadística', 7),
(41, 'Fisiología y Comportamiento Animal', 7),
(42, 'Biología Marina y Limnología', 7),
(43, 'Zoología', 7),
(44, 'Botánica', 7),
(45, 'Genética y Biología Molecular', 7),
(46, 'Química Inorgánica', 7),
(47, 'Química Orgánica', 7),
(48, 'Química Física', 7),
(49, 'Química Analítica', 7),
(50, 'Bioquímica', 7),
(51, 'Ciencias y Tecnología de Alimentos', 7),
(52, 'Microbiología y Parasitología ', 7),
(53, 'Promoción, Medios y Tecnología', 8),
(54, 'Estructura de la Comunicación ', 8),
(60, 'Derecho Procesal ', 20),
(63, 'Teoría y Desarrollo Económico', 10),
(64, 'Análisis y Economía Aplicada', 10),
(65, 'Estadística Económica y Social', 10),
(66, 'Salud Mental', 11),
(67, 'Salud de Adultos', 11),
(68, 'Gestión de los Servicios de Enfermería y Salud', 11),
(69, 'Enfermería Materno Infantil', 11),
(70, 'Enfermería en Salud Pública', 11),
(71, 'Farmacia Clínica', 12),
(72, 'Química Medicinal  y Farmacognosia', 12),
(73, 'Ciencias y Tecnología Farmacéutica', 12),
(74, 'Bibliotecología, Archivología y Documentación', 13),
(75, 'Educación Física', 13),
(76, 'Español', 13),
(77, 'Filosofía', 13),
(78, 'Sociología', 13),
(79, 'Historia', 13),
(80, 'Geografía', 13),
(81, 'Inglés', 13),
(82, 'Francés', 13),
(83, 'Estudios Generales', 13),
(84, 'Electrónica y Comunicación', 14),
(85, 'Informática', 14),
(86, 'Anatomía y Embriología', 15),
(87, 'Bioquímica y Nutrición', 15),
(88, 'Ciencias de Laboratorio Clínico', 15),
(89, 'Cirugía', 15),
(90, 'Dietética y Nutrición Aplicada', 15),
(91, 'Farmacología ', 15),
(92, 'Fisiología Humana', 15),
(93, 'Ginecología y Obstetricia', 15),
(94, 'Histología', 15),
(95, 'Medicina', 15),
(96, 'Medicina Familiar y Comunitaria', 15),
(97, 'Medicina Preventiva y Social', 15),
(98, 'Microbiología Humana', 15),
(99, 'Patología Humana', 15),
(100, 'Pediatría', 15),
(102, 'Enfermedades Transmisibles y Salud Pública', 16),
(103, 'Patología Veterinaria(I)', 16),
(104, 'Morfología y Patología Veterinaria', 16),
(105, 'Clínica y Cirugía', 16),
(106, 'Producción y Bienestar Animal', 16),
(107, 'Clínica Integrada', 17),
(108, 'Ciencias Quirúrgicas', 17),
(109, 'Estomatología', 17),
(110, 'Odontología Integral del Niño y del Adolescente', 17),
(111, 'Odontologia Social', 17),
(112, 'Odontología Restauradora', 17),
(113, 'Investigación, Medición y Evaluación Psicológica', 18),
(114, 'Psicología Clínica y de la Salud', 18),
(115, 'Psicología Educativa y Escolar', 18),
(116, 'Psicología Industrial, Organizacional y Social', 18),
(117, 'Educación(I)', 19),
(118, 'Ciencias Políticas', 20),
(119, 'Metodología y Ciencias del Derecho', 20),
(120, 'Derecho Privado', 20),
(121, 'Derecho Público', 20),
(123, 'Ciencias Penales y Criminológicas', 20),
(124, 'Derecho Social', 20),
(131, 'Fundamentos de la Comunicación', 8),
(132, 'Ingeniería Civil', 21),
(133, 'Ingeniería en Tecnologías', 21),
(134, 'Prevención de Riesgos y Ambiente', 21),
(135, 'Ciencias de la Tierra', 21),
(136, 'Ciencias Ambientales', 7);

-- --------------------------------------------------------

--
-- Estructura de tabla para la tabla `distritos_panama`
--

CREATE TABLE `distritos_panama` (
  `id_num_dist` int(5) NOT NULL,
  `nombre_dist` varchar(100) COLLATE utf8_spanish_ci NOT NULL,
  `id_num_prov` int(5) NOT NULL
) ENGINE=InnoDB DEFAULT CHARSET=utf8 COLLATE=utf8_spanish_ci;

--
-- Volcado de datos para la tabla `distritos_panama`
--

INSERT INTO `distritos_panama` (`id_num_dist`, `nombre_dist`, `id_num_prov`) VALUES
(1, 'Bocas del Toro', 1),
(2, 'Changuinola', 1),
(3, 'Chiriquí Grande', 1),
(4, 'Aguadulce', 2),
(5, 'Antón', 2),
(6, 'La Pintada', 2),
(7, 'Natá', 2),
(8, 'Olá', 2),
(9, 'Penonomé', 2),
(10, 'Colón', 3),
(11, 'Chagres', 3),
(12, 'Donoso', 3),
(13, 'Portobelo', 3),
(14, 'Santa Isabel', 3),
(15, 'Alanje', 4),
(16, 'Barú', 4),
(17, 'Boquerón', 4),
(18, 'Boquete', 4),
(19, 'Bugaba', 4),
(20, 'David', 4),
(21, 'Dolega', 4),
(22, 'Gualaca', 4),
(23, 'Remedios', 4),
(24, 'Renacimiento', 4),
(25, 'San Félix', 4),
(26, 'San Lorenzo', 4),
(27, 'Tolé', 4),
(28, 'Chepigana', 5),
(29, 'Pinogana', 5),
(30, 'Chitré', 6),
(31, 'Las Minas', 6),
(32, 'Los Pozos', 6),
(33, 'Ocú', 6),
(34, 'Parita', 6),
(35, 'Pesé', 6),
(36, 'Santa María', 6),
(37, 'Guararé', 7),
(38, 'Las Tablas', 7),
(39, 'Los Santos', 7),
(40, 'Macaracas', 7),
(41, 'Pedasí', 7),
(42, 'Pocrí', 7),
(43, 'Tonosí', 7),
(44, 'Balboa', 8),
(45, 'Chepo', 8),
(46, 'Chimán', 8),
(47, 'Panamá', 8),
(48, 'San Miguelito', 8),
(49, 'Taboga', 8),
(50, 'Atalaya', 9),
(51, 'Calobre', 9),
(52, 'Cañazas', 9),
(53, 'La Mesa', 9),
(54, 'Las Palmas', 9),
(55, 'Mariato', 9),
(56, 'Montijo', 9),
(57, 'Río de Jesús', 9),
(58, 'San Francisco', 9),
(59, 'Santa Fé', 9),
(60, 'Santiago', 9),
(61, 'Soná', 9),
(62, 'Desconocido', 10),
(63, 'Cémaco', 11),
(64, 'Sambú', 11),
(65, 'Besikó', 12),
(66, 'Kankintú', 12),
(67, 'Kusapín', 12),
(68, 'Mironí', 12),
(69, 'Nole Düima', 12),
(70, 'Müna', 12),
(71, 'Ñürüm', 12),
(72, 'Arraiján', 13),
(73, 'Capira', 13),
(74, 'Chame', 13),
(75, 'La Chorrera', 13),
(76, 'San Carlos', 13);

-- --------------------------------------------------------

--
-- Estructura de tabla para la tabla `facultades_u_nacional`
--

CREATE TABLE `facultades_u_nacional` (
  `id` int(11) NOT NULL,
  `opcion` varchar(255) COLLATE utf8_spanish_ci NOT NULL
) ENGINE=InnoDB DEFAULT CHARSET=utf8 COLLATE=utf8_spanish_ci;

--
-- Volcado de datos para la tabla `facultades_u_nacional`
--

INSERT INTO `facultades_u_nacional` (`id`, `opcion`) VALUES
(1, 'Administración de Empresas y Contabilidad'),
(2, 'Administración Pública'),
(3, 'Arquitectura'),
(4, 'Bellas Artes'),
(5, 'Ciencias Agropecuarias'),
(6, 'Ciencias de la Educación'),
(7, 'Ciencias Naturales, Exactas y Tecnología'),
(8, 'Comunicación Social'),
(10, 'Economía'),
(11, 'Enfermería'),
(12, 'Farmacia'),
(13, 'Humanidades'),
(14, 'Informática, Electrónica y Comunicación'),
(15, 'Medicina'),
(16, 'Medicina Veterinaria'),
(17, 'Odontología'),
(18, 'Psicología'),
(19, 'Filosofía, Letras y Educación(I)'),
(20, 'Derecho y Ciencias Políticas'),
(21, 'Ingeniería');

-- --------------------------------------------------------

--
-- Estructura de tabla para la tabla `funcionarios`
--

CREATE TABLE `funcionarios` (
  `id` int(22) NOT NULL,
  `cedula` varchar(22) NOT NULL,
  `nombre` varchar(50) NOT NULL,
  `sexo` varchar(2) NOT NULL,
  `Provincia` varchar(55) NOT NULL,
  `Distrito` varchar(55) NOT NULL,
  `corregimiento` varchar(55) NOT NULL,
  `facultad` varchar(55) NOT NULL,
  `carrera` varchar(55) NOT NULL,
  `anio` varchar(22) NOT NULL
) ENGINE=InnoDB DEFAULT CHARSET=latin1;

--
-- Volcado de datos para la tabla `funcionarios`
--

INSERT INTO `funcionarios` (`id`, `cedula`, `nombre`, `sexo`, `Provincia`, `Distrito`, `corregimiento`, `facultad`, `carrera`, `anio`) VALUES
(6, '9-573-1435', 'Pedro', 'M', 'Veraguas', 'La Mesa', 'Bisvalles', 'Arquitectura', 'Arte', '2013'),
(7, '9-123-4321', 'Marta', 'F', 'Herrera', 'Chitré', 'La Arena', 'Administración Pública', 'Administración Pública', '2015'),
(8, '8-651-871', 'Carmen', 'F', 'Panamá', 'San Miguelito', 'Omar Torrijos', 'Economía', 'Análisis y Economía Aplicada', '2013');

-- --------------------------------------------------------

--
-- Estructura de tabla para la tabla `paises`
--

CREATE TABLE `paises` (
  `id` int(11) NOT NULL,
  `iso` char(2) COLLATE utf8_spanish_ci DEFAULT NULL,
  `nombre` varchar(80) COLLATE utf8_spanish_ci DEFAULT NULL
) ENGINE=InnoDB DEFAULT CHARSET=utf8 COLLATE=utf8_spanish_ci;

--
-- Volcado de datos para la tabla `paises`
--

INSERT INTO `paises` (`id`, `iso`, `nombre`) VALUES
(1, 'AF', 'Afganistán'),
(2, 'AX', 'Islas Gland'),
(3, 'AL', 'Albania'),
(4, 'DE', 'Alemania'),
(5, 'AD', 'Andorra'),
(6, 'AO', 'Angola'),
(7, 'AI', 'Anguilla'),
(8, 'AQ', 'Antártida'),
(9, 'AG', 'Antigua y Barbuda'),
(10, 'AN', 'Antillas Holandesas'),
(11, 'SA', 'Arabia Saudí'),
(12, 'DZ', 'Argelia'),
(13, 'AR', 'Argentina'),
(14, 'AM', 'Armenia'),
(15, 'AW', 'Aruba'),
(16, 'AU', 'Australia'),
(17, 'AT', 'Austria'),
(18, 'AZ', 'Azerbaiyán'),
(19, 'BS', 'Bahamas'),
(20, 'BH', 'Bahréin'),
(21, 'BD', 'Bangladesh'),
(22, 'BB', 'Barbados'),
(23, 'BY', 'Bielorrusia'),
(24, 'BE', 'Bélgica'),
(25, 'BZ', 'Belice'),
(26, 'BJ', 'Benin'),
(27, 'BM', 'Bermudas'),
(28, 'BT', 'Bhután'),
(29, 'BO', 'Bolivia'),
(30, 'BA', 'Bosnia y Herzegovina'),
(31, 'BW', 'Botsuana'),
(32, 'BV', 'Isla Bouvet'),
(33, 'BR', 'Brasil'),
(34, 'BN', 'Brunéi'),
(35, 'BG', 'Bulgaria'),
(36, 'BF', 'Burkina Faso'),
(37, 'BI', 'Burundi'),
(38, 'CV', 'Cabo Verde'),
(39, 'KY', 'Islas Caimán'),
(40, 'KH', 'Camboya'),
(41, 'CM', 'Camerún'),
(42, 'CA', 'Canadá'),
(43, 'CF', 'República Centroafricana'),
(44, 'TD', 'Chad'),
(45, 'CZ', 'República Checa'),
(46, 'CL', 'Chile'),
(47, 'CN', 'China'),
(48, 'CY', 'Chipre'),
(49, 'CX', 'Isla de Navidad'),
(50, 'VA', 'Ciudad del Vaticano'),
(51, 'CC', 'Islas Cocos'),
(52, 'CO', 'Colombia'),
(53, 'KM', 'Comoras'),
(54, 'CD', 'República Democrática del Congo'),
(55, 'CG', 'Congo'),
(56, 'CK', 'Islas Cook'),
(57, 'KP', 'Corea del Norte'),
(58, 'KR', 'Corea del Sur'),
(59, 'CI', 'Costa de Marfil'),
(60, 'CR', 'Costa Rica'),
(61, 'HR', 'Croacia'),
(62, 'CU', 'Cuba'),
(63, 'DK', 'Dinamarca'),
(64, 'DM', 'Dominica'),
(65, 'DO', 'República Dominicana'),
(66, 'EC', 'Ecuador'),
(67, 'EG', 'Egipto'),
(68, 'SV', 'El Salvador'),
(69, 'AE', 'Emiratos Árabes Unidos'),
(70, 'ER', 'Eritrea'),
(71, 'SK', 'Eslovaquia'),
(72, 'SI', 'Eslovenia'),
(73, 'ES', 'España'),
(74, 'UM', 'Islas ultramarinas de Estados Unidos'),
(75, 'US', 'Estados Unidos'),
(76, 'EE', 'Estonia'),
(77, 'ET', 'Etiopía'),
(78, 'FO', 'Islas Feroe'),
(79, 'PH', 'Filipinas'),
(80, 'FI', 'Finlandia'),
(81, 'FJ', 'Fiyi'),
(82, 'FR', 'Francia'),
(83, 'GA', 'Gabón'),
(84, 'GM', 'Gambia'),
(85, 'GE', 'Georgia'),
(86, 'GS', 'Islas Georgias del Sur y Sandwich del Sur'),
(87, 'GH', 'Ghana'),
(88, 'GI', 'Gibraltar'),
(89, 'GD', 'Granada'),
(90, 'GR', 'Grecia'),
(91, 'GL', 'Groenlandia'),
(92, 'GP', 'Guadalupe'),
(93, 'GU', 'Guam'),
(94, 'GT', 'Guatemala'),
(95, 'GF', 'Guayana Francesa'),
(96, 'GN', 'Guinea'),
(97, 'GQ', 'Guinea Ecuatorial'),
(98, 'GW', 'Guinea-Bissau'),
(99, 'GY', 'Guyana'),
(100, 'HT', 'Haití'),
(101, 'HM', 'Islas Heard y McDonald'),
(102, 'HN', 'Honduras'),
(103, 'HK', 'Hong Kong'),
(104, 'HU', 'Hungría'),
(105, 'IN', 'India'),
(106, 'ID', 'Indonesia'),
(107, 'IR', 'Irán'),
(108, 'IQ', 'Iraq'),
(109, 'IE', 'Irlanda'),
(110, 'IS', 'Islandia'),
(111, 'IL', 'Israel'),
(112, 'IT', 'Italia'),
(113, 'JM', 'Jamaica'),
(114, 'JP', 'Japón'),
(115, 'JO', 'Jordania'),
(116, 'KZ', 'Kazajstán'),
(117, 'KE', 'Kenia'),
(118, 'KG', 'Kirguistán'),
(119, 'KI', 'Kiribati'),
(120, 'KW', 'Kuwait'),
(121, 'LA', 'Laos'),
(122, 'LS', 'Lesotho'),
(123, 'LV', 'Letonia'),
(124, 'LB', 'Líbano'),
(125, 'LR', 'Liberia'),
(126, 'LY', 'Libia'),
(127, 'LI', 'Liechtenstein'),
(128, 'LT', 'Lituania'),
(129, 'LU', 'Luxemburgo'),
(130, 'MO', 'Macao'),
(131, 'MK', 'ARY Macedonia'),
(132, 'MG', 'Madagascar'),
(133, 'MY', 'Malasia'),
(134, 'MW', 'Malawi'),
(135, 'MV', 'Maldivas'),
(136, 'ML', 'Malí'),
(137, 'MT', 'Malta'),
(138, 'FK', 'Islas Malvinas'),
(139, 'MP', 'Islas Marianas del Norte'),
(140, 'MA', 'Marruecos'),
(141, 'MH', 'Islas Marshall'),
(142, 'MQ', 'Martinica'),
(143, 'MU', 'Mauricio'),
(144, 'MR', 'Mauritania'),
(145, 'YT', 'Mayotte'),
(146, 'MX', 'México'),
(147, 'FM', 'Micronesia'),
(148, 'MD', 'Moldavia'),
(149, 'MC', 'Mónaco'),
(150, 'MN', 'Mongolia'),
(151, 'MS', 'Montserrat'),
(152, 'MZ', 'Mozambique'),
(153, 'MM', 'Myanmar'),
(154, 'NA', 'Namibia'),
(155, 'NR', 'Nauru'),
(156, 'NP', 'Nepal'),
(157, 'NI', 'Nicaragua'),
(158, 'NE', 'Níger'),
(159, 'NG', 'Nigeria'),
(160, 'NU', 'Niue'),
(161, 'NF', 'Isla Norfolk'),
(162, 'NO', 'Noruega'),
(163, 'NC', 'Nueva Caledonia'),
(164, 'NZ', 'Nueva Zelanda'),
(165, 'OM', 'Omán'),
(166, 'NL', 'Países Bajos'),
(167, 'PK', 'Pakistán'),
(168, 'PW', 'Palau'),
(169, 'PS', 'Palestina'),
(170, 'PA', 'Panamá'),
(171, 'PG', 'Papúa Nueva Guinea'),
(172, 'PY', 'Paraguay'),
(173, 'PE', 'Perú'),
(174, 'PN', 'Islas Pitcairn'),
(175, 'PF', 'Polinesia Francesa'),
(176, 'PL', 'Polonia'),
(177, 'PT', 'Portugal'),
(178, 'PR', 'Puerto Rico'),
(179, 'QA', 'Qatar'),
(180, 'GB', 'Reino Unido'),
(181, 'RE', 'Reunión'),
(182, 'RW', 'Ruanda'),
(183, 'RO', 'Rumania'),
(184, 'RU', 'Rusia'),
(185, 'EH', 'Sahara Occidental'),
(186, 'SB', 'Islas Salomón'),
(187, 'WS', 'Samoa'),
(188, 'AS', 'Samoa Americana'),
(189, 'KN', 'San Cristóbal y Nevis'),
(190, 'SM', 'San Marino'),
(191, 'PM', 'San Pedro y Miquelón'),
(192, 'VC', 'San Vicente y las Granadinas'),
(193, 'SH', 'Santa Helena'),
(194, 'LC', 'Santa Lucía'),
(195, 'ST', 'Santo Tomé y Príncipe'),
(196, 'SN', 'Senegal'),
(197, 'CS', 'Serbia y Montenegro'),
(198, 'SC', 'Seychelles'),
(199, 'SL', 'Sierra Leona'),
(200, 'SG', 'Singapur'),
(201, 'SY', 'Siria'),
(202, 'SO', 'Somalia'),
(203, 'LK', 'Sri Lanka'),
(204, 'SZ', 'Suazilandia'),
(205, 'ZA', 'Sudáfrica'),
(206, 'SD', 'Sudán'),
(207, 'SE', 'Suecia'),
(208, 'CH', 'Suiza'),
(209, 'SR', 'Surinam'),
(210, 'SJ', 'Svalbard y Jan Mayen'),
(211, 'TH', 'Tailandia'),
(212, 'TW', 'Taiwán'),
(213, 'TZ', 'Tanzania'),
(214, 'TJ', 'Tayikistán'),
(215, 'IO', 'Territorio Británico del Océano Índico'),
(216, 'TF', 'Territorios Australes Franceses'),
(217, 'TL', 'Timor Oriental'),
(218, 'TG', 'Togo'),
(219, 'TK', 'Tokelau'),
(220, 'TO', 'Tonga'),
(221, 'TT', 'Trinidad y Tobago'),
(222, 'TN', 'Túnez'),
(223, 'TC', 'Islas Turcas y Caicos'),
(224, 'TM', 'Turkmenistán'),
(225, 'TR', 'Turquía'),
(226, 'TV', 'Tuvalu'),
(227, 'UA', 'Ucrania'),
(228, 'UG', 'Uganda'),
(229, 'UY', 'Uruguay'),
(230, 'UZ', 'Uzbekistán'),
(231, 'VU', 'Vanuatu'),
(232, 'VE', 'Venezuela'),
(233, 'VN', 'Vietnam'),
(234, 'VG', 'Islas Vírgenes Británicas'),
(235, 'VI', 'Islas Vírgenes de los Estados Unidos'),
(236, 'WF', 'Wallis y Futuna'),
(237, 'YE', 'Yemen'),
(238, 'DJ', 'Yibuti'),
(239, 'ZM', 'Zambia'),
(240, 'ZW', 'Zimbabue'),
(241, 'II', 'URSS');

-- --------------------------------------------------------

--
-- Estructura de tabla para la tabla `provincias_panama`
--

CREATE TABLE `provincias_panama` (
  `id_num_prov` int(5) NOT NULL,
  `nombre` varchar(50) COLLATE utf8_spanish_ci NOT NULL
) ENGINE=InnoDB DEFAULT CHARSET=utf8 COLLATE=utf8_spanish_ci;

--
-- Volcado de datos para la tabla `provincias_panama`
--

INSERT INTO `provincias_panama` (`id_num_prov`, `nombre`) VALUES
(1, 'Bocas del Toro'),
(2, 'Coclé'),
(3, 'Colón'),
(4, 'Chiriquí'),
(5, 'Darién'),
(6, 'Herrera'),
(7, 'Los Santos'),
(8, 'Panamá'),
(9, 'Veraguas'),
(10, 'Guna Yala'),
(11, 'Emberá Wounaan'),
(12, 'Ngobe-Bugle'),
(13, 'Panamá Oeste');

-- --------------------------------------------------------

--
-- Estructura de tabla para la tabla `universidades`
--

CREATE TABLE `universidades` (
  `id_univ` int(5) NOT NULL,
  `nombre_univ` varchar(500) COLLATE utf8_spanish_ci NOT NULL,
  `tipo_univ` varchar(2) COLLATE utf8_spanish_ci NOT NULL,
  `tipo_inst` varchar(2) COLLATE utf8_spanish_ci NOT NULL
) ENGINE=InnoDB DEFAULT CHARSET=utf8 COLLATE=utf8_spanish_ci;

--
-- Volcado de datos para la tabla `universidades`
--

INSERT INTO `universidades` (`id_univ`, `nombre_univ`, `tipo_univ`, `tipo_inst`) VALUES
(1, 'Universidad de Panamá (UP)', '1', '1'),
(2, 'Universidad Tecnológica de Panamá (UTP)', '1', '1'),
(3, 'Universidad Especializada de las Américas (UDELAS)', '1', '1'),
(4, 'Universidad Autónoma de Chiriquí (UNACHI)', '1', '1'),
(5, 'Universidad Abierta y a Distancia de Panamá (UNADP)', '2', '1'),
(6, 'Universidad Alta Dirección (UAD)', '2', '1'),
(7, 'Universidad Americana (UAM)', '2', '1'),
(8, 'Universidad del Arte Ganexa', '2', '1'),
(9, 'Universidad del Caribe', '2', '1'),
(10, 'Universidad de Cartago (UCA)', '2', '1'),
(11, 'Universidad Ciencias del Mercado (UCM)', '2', '1'),
(12, 'Columbus University (CU)', '2', '1'),
(13, 'Universidad Cristiana (UCP)', '2', '1'),
(14, 'Universidad Especializada del Contador Público Autorizado (UNESCPA)', '2', '1'),
(15, 'Universidad Euroamericana', '2', '1'),
(16, 'Fundación de Estudios Avanzados de Gerencia', '2', '1'),
(17, 'Universidad Hispanoamericana', '2', '1'),
(18, 'Hosanna International University (HIU)', '2', '1'),
(19, 'Universidad Iberoamericana', '2', '1'),
(20, 'Universidad Interamericana', '2', '1'),
(21, 'Universidad Interamericana de Educación a Distancia (UNIEDPA)', '2', '1'),
(22, 'International Schools of Medical Sciences (ISMS)', '2', '1'),
(23, 'International University', '2', '1'),
(24, 'Universidad Internacional de América Latina (UIAL)', '2', '1'),
(25, 'Universidad Internacional de Comercio y Educación (UICE)', '2', '1'),
(26, 'ISAE Universidad', '2', '1'),
(27, 'Escuela de Arquitectura y Diseño de América Latina y el Caribe', '2', '1'),
(28, 'Universidad del Istmo (UDI)', '2', '1'),
(29, 'Universidad Latina de Panamá', '2', '1'),
(30, 'Universidad Latinoamericana de Ciencias y Tecnología (ULACIT)', '2', '1'),
(31, 'Universidad Latinoamericana de Comercio Exterior (ULACEX)', '2', '1'),
(32, 'Universidad de los Llanos del Pacífico', '2', '1'),
(33, 'University of Louisville-Panamá (Quality Leadership University S.A.)', '2', '1'),
(34, 'Universidad Metropolitana de Educación, Ciencia y Tecnología (UMECIT)', '2', '1'),
(35, 'Universidad Metropolitana de Panamá (UMET)', '2', '1'),
(36, 'Universidad Ngoble-Buglé', '2', '1'),
(37, 'Universidad Nuestra Señora del Carmen', '2', '1'),
(38, 'Oxford International University', '2', '1'),
(39, 'Palladium University', '2', '1'),
(40, 'Universidad Panamericana (UPAM)', '2', '1'),
(41, 'Universidad de la Paz (UPAM)', '2', '1'),
(42, 'Universidad Rafael Nuñez', '2', '1'),
(43, 'Universidad San Martin', '2', '1'),
(44, 'Universidad Santa María La Antigua (USMA)', '2', '1'),
(45, 'Universidad Santander', '2', '1'),
(46, 'Universidad Técnicas de la Comunicación', '2', '1'),
(47, 'Universidad Tecnológica OTEIMA', '2', '1'),
(48, 'Universidad de Costa Rica', '', '1'),
(49, 'Universidad de La Habana', '', '1'),
(51, 'GEF Transboundary Frameworks', '', '2'),
(52, 'DAAD', '', '3'),
(53, 'APANAC(Asociación Panameña para el avance de la ciencia)', '', '3'),
(54, 'Comisión Nacional de Áreas Naturales Protegidas', '', '2'),
(55, 'Sociedad de Pesquerías', '', '3'),
(56, 'ARAP', '', '4'),
(57, 'CCAD y la SEMARNAT através  de la  CONANP', '', '2'),
(58, 'La Sociedad de Pesquería y el Capitulo Mexicano de la Sociedad Americana de Pesquerias', '', '3'),
(59, 'INADEH', '', '4'),
(60, 'Hospital Regional de Veraguas (Dr. Luis ', '', '4'),
(61, 'Sociedad Panameña de Pediatría - Capitulo de Azuero y el Colegio Médico de Panamá', '', '3'),
(62, 'Caja de Seguro Social', '', '4'),
(63, 'CSS-Policlínica Dr. Horacio Díaz Gomez -Departamento de Enfermería', '', '4'),
(64, 'CSS-Coordinación Regional de Docentes e Investigación de Veraguas', '', '4'),
(65, 'SENACYT', '', '4'),
(67, 'CSS - Departamento Nacional de Docencia e Investigación en Salud', '', '4'),
(68, 'Asociación Nacional de Enfermeras de Panamá', '', '1'),
(69, 'American Chemical Society  (ACS)', '', '2'),
(70, 'IMF', '', '2'),
(71, 'IPHE', '', '4'),
(74, 'MEDUCA', '', '4'),
(75, 'CAPAC', '', '2'),
(76, 'TA de CP', '', '2'),
(77, 'Universidad de Puerto Rico', '', '1'),
(78, 'Universidad de Santiago de Chile (usach)', '', '1'),
(79, 'MIDA', '', '4'),
(80, 'Ministerio de Salud', '', '4'),
(81, 'Tecnológico de Monterrey', '', '2'),
(82, 'Ministerio de Comercio e Industrias de Panamá', '', '4'),
(83, 'BAISA', '', '2'),
(84, 'UP - VIEX', '', '2'),
(85, 'SCF', '', '2'),
(86, 'Organización Panamericana de la Salud', '', '3'),
(87, 'AOP', '', '3'),
(88, 'Denti Clínica, S.A.', '', '2'),
(89, 'Ministerio Publico de Panamá - PGN', '', '4'),
(90, 'ABA Roli Panamá', '', '2'),
(91, 'ASOPROF', '', '3'),
(92, 'Universidad Católica Santa María La Antigua', '', '1'),
(93, 'CECC/SICA', '', '2'),
(94, 'Universidad Don Bosco', '', '1'),
(95, 'Controlaría General de la República', '', '4'),
(96, 'ICASE', '', '2'),
(97, 'FIVB', '', '2'),
(99, 'UP-OEU', '', '2'),
(100, 'Universidad del Valle de México', '', '1'),
(101, 'Asociación de Contadores Públicos Autorizados de Panamá Capítulo Veraguas', '', '3'),
(102, 'Universidad de Kiev', '', '1'),
(103, 'Universidad Pontificia de Salamanca', '', '1'),
(104, 'INTRAS', '', '2'),
(105, 'Universidad de Salamanca', '', '1'),
(106, 'Consejo Centroamericano de Acreditación de la Educación Superior (CCA)', '', '2'),
(107, 'Órgano Judicial', '', '4'),
(108, 'Organización de las Naciones Unidas para la Educación la Ciencia y la Cultura (UNESCO)', '', '2'),
(109, 'Universidad del Oriente - AELAC', '', '1'),
(110, 'Universidad Nacional Experimental de Guayana (UNEG) - AELAC', '', '1'),
(111, 'Colegio de Educadores de Libre Pensamiento Del Estado de Guerrero (CELPEG)', '', '2'),
(112, 'Ministerio de Economía y Finanzas', '', '4'),
(113, 'Universidad Nacional Autónoma de México', '', '1'),
(114, 'Asociación Panameña de Bibliotecarios', '', '3'),
(115, 'Municipalidad de Santiago de Surco', '', '2'),
(116, 'UNIV. DE PANAMA SIBIUP', '', '1'),
(117, 'Grupo Universitario por la Calidad en América Latina (GUCAL)', '', '2'),
(118, 'Universidad Nacional Autónoma de Nicaragua (UNAN)', '', '1'),
(119, 'Instituto Superior de Tecnología Química', '', '2'),
(120, 'ACP', '', '2'),
(121, 'PERSON', '', '2'),
(122, 'USAID', '', '2'),
(123, 'FORHGE', '', '2'),
(124, 'Universidad Politecnica de Madrid', '', '1'),
(125, 'Instituto Colombo-Panameño De Derecho Procesal', '', '2'),
(126, ' Comisión Interamericana de Derecho Humanos', '', '2'),
(127, 'Fundación para el Desarrollo Sostenible (FUDIS)', '', '2'),
(128, 'University of Wisconsin-Eau Claire Continuing Education', '', '1'),
(129, 'Bio Materiales', '', '2'),
(131, 'Hotel Continental', '', '2'),
(132, 'Hotel Piramidal', '', '2'),
(135, 'Southern ILLinois University', '', '1'),
(136, 'DIPREXA y Concultoía Psicológica Especializada, S.A.', '', '2'),
(137, 'S.P.I.A.', '', '2'),
(138, 'SINERGIA (Soluciones Sistémicas y de Software)', '', '2'),
(139, 'Infocentro de la ACP, Veraguas', '', '2'),
(140, 'Organización de los Estados Americanos (OEA)', '', '2'),
(141, 'Hospital DR. Ezequiel Abadía', '', '4'),
(142, 'University of Delaware', '', '1'),
(144, 'Universidad Nacional de Córdoba', '', '1'),
(145, 'Instituto Panamericano de Derecho Procesal', '', '2'),
(147, 'Federal Rural de Pernambuco', '', '1'),
(148, 'Universidad Nacional de Colombia', '', '1'),
(149, ' Interamericana de Educación a Distancia', '', '1'),
(150, 'Instituto Superior de Educación y Formación Profesional', '', '5'),
(151, 'Instituto Pedagógico Latinoamericano y Caribeño -Cuba', '', '1'),
(152, 'IICA, UNIV. DE PANAMÁ, MIDA, ECADERT, CIDETE', '', '2'),
(153, 'SE-CAC, IICA Y  AECID', '', '2'),
(154, 'ELSEVIER', '', '2'),
(155, 'Veracruzana de México', '', '1'),
(156, 'Tecnológica y de Estudios Superiores  de Monterrey', '', '1'),
(157, 'Centro  de Capacitación e Investigación Pedagógica', '', '2'),
(158, 'Universidad del Trabajo y La Tercera Edad', '', '1'),
(159, 'Universidade Federal Do Paraná', '', '1'),
(160, 'Estatal de Odesa I.I. Mechnikov', '', '1'),
(161, 'Universidad de Río Grande', '', '1'),
(162, 'Universidad de Austral de Chile', '', '1'),
(163, 'Universidad de la Plata', '', '1'),
(164, 'Universidad Marítima Internacional de Panamá y Conservación Internacional(UMIP)', '', '1'),
(165, 'De la Amistad de los Pueblos Patricio Lumumba, URSS', '', '1'),
(166, 'Universitatis Portoricensis', '', '1'),
(167, 'ICRDP - COLEGIO DE ABOGADOS Y ABOGADAS C.R. - ASOC. DE ABOGADOS Y ABOG. DE LA ZONA SUR', '', '3'),
(168, 'Sociedad Panameña de Cardiología y Colegio Médico de Panamá', '', '3'),
(169, 'CONAPRED', '', '3'),
(170, 'Ministerio de  Salud', '', '4'),
(171, 'Sociedad Panameña de Psiquiatría', '', '3'),
(172, 'Cooperaativa de Servicios Múltiples Juan XXIII R.L.', '', '2'),
(173, 'Asoc. Centroamericana de Psiquiatría', '', '3'),
(174, 'Asoc. Panameña de Profesionales Egresados de Rusia, Europa del Este, Asia C. y Cuba(APPEREACCU)', '', '3'),
(175, 'TRUST-CNP-U.P.-U.S.M.A - Defensoría del Pueblo', '', '3'),
(176, 'Del Valle de Guatemala', '', '1'),
(177, 'Federal do Rio de Janeiro', '', '1'),
(178, 'Instituto Superior de Tecnología Química -  Sofia Rep. Popular Bulgaria', '', '1'),
(179, 'Fundación para el desarollo Integrado Sustentable(FUDIS)', '', '2'),
(180, 'Centro  de Investigación y Docencia Económicas, A.C.', '', '1'),
(181, 'UNESP', '', '1'),
(182, 'GIDELI', '', '3'),
(183, 'EDUPAN', '', '2'),
(184, 'Instituto Tecnológico de Costa Rica', '', '1'),
(185, 'Universidad Autónoma Metropolitana Unidad Iztapalapa', '', '1'),
(186, 'Instituto Colombiano  de Derecho Procesal', '', '3'),
(187, 'Complutense', '', '1'),
(188, 'Fundación Fraternidad del software libre de panamá', '', '2'),
(189, 'Technology Center', '', '2'),
(190, 'Centro de Neurología Infantil(CNI)', '', '2'),
(191, 'APCSS-Asociación de Psicologos de la Caja del Seguro Social', '', '3'),
(192, 'ECOMSA Telecomunicaciones', '', '2'),
(193, 'Polycom - Cisco', '', '2'),
(194, 'Centro de innovación Ciudad del saber', '', '2'),
(195, 'Scolartic', '', '2'),
(196, 'Expo Comercial Dental', '', '3'),
(197, 'Asociación Odontológica Panameña', '', '3'),
(198, 'Asociación Odontológica Panameña Capítulo de Azuero', '', '3'),
(199, 'Comisión Colombiana del Océano, IOCaribe de COI-UNESCO...', '', '3'),
(200, 'INVEMAR', '', '3'),
(201, 'Programa  de las Naciones Unidas para el Desarrollo', '', '3'),
(202, 'Ministerios de Ambiente', '', '4'),
(203, 'Centro de Estudios Odontológicos (CEO)', '', '1'),
(204, 'Ultradent', '', '2'),
(205, 'Geosolutions Consulting. Inc', '', '2'),
(206, 'VIPSA Internacional S.A.', '', '2'),
(207, 'Sociedad Panameña de Ingenieros y Arquitectos', '', '2'),
(208, 'ELICON Consultores, S.A.', '', '2'),
(209, 'CEPA', '', '2'),
(210, 'Certificate of Completion', '', '2'),
(211, 'Cámara Panameña de la Construcción', '', '2'),
(212, 'Canal de Empresarias', '', '2'),
(213, 'ICDE - Internacional Center for Dental Education', '', '3'),
(214, 'Estatal de Nuevo México, Estados Unidos', '', '1'),
(215, 'Instituto Centroamericano de Administración Pública', '', '2'),
(216, 'MIDES', '', '4'),
(217, 'SIC SOFT', '', '3'),
(218, 'AMPYME', '', '2'),
(219, 'SERPRES', '', '2'),
(220, 'Instituto Tecnológico y de Estudios Superiores de Monterrey', '', '2'),
(221, 'Constelaciones de Panamá', '', '2'),
(222, 'GEG Panamá', '', '3'),
(223, 'Universidad de Granma', '', '1'),
(224, 'FUNIBER', '', '3'),
(225, 'Beijing Languaje and Culture University', '', '1'),
(226, 'CONEAUPA', '', '3'),
(227, 'UTN Villa María', '', '1'),
(228, 'Georgetown University', '', '1'),
(229, 'Federación Panameña de Futbol', '', '3'),
(230, 'Academia Forense', '', '3'),
(231, 'Gas Natural Fenosa', '', '2'),
(232, 'Universidad de Valladolid', '', '1'),
(233, 'Pontificia Universidad Javeriana', '', '1'),
(234, 'Universidad Complutense de Madrid', '', '1'),
(235, 'Federación Farmacéutica Centroamericana y el Caribe (FFCC)', '', '3'),
(236, 'Pontificia Universidade Católica do Rio de Janeiro', '', '1'),
(237, 'EduQ@', '', '3'),
(238, 'Academy TotemGuard', '', '3'),
(239, 'Universidad Politécnica de Valencia', '', '1'),
(240, 'Universidad Galileo', '', '1'),
(241, 'Sociedad Hispana de Investigadores Científicos', '', '3'),
(242, 'La Casa del Médico', '', '2'),
(243, 'Western Kentucky University', '', '1'),
(244, 'Universidad de San Carlos de Guatemala', '', '1'),
(245, 'Ministerio de Gobierno', '', '4'),
(246, 'Sistema Nacional de Protección Civil', '', '4'),
(247, 'Grupo Industrial del Istmo', '', '2');

--
-- Índices para tablas volcadas
--

--
-- Indices de la tabla `areas_u_nacional`
--
ALTER TABLE `areas_u_nacional`
  ADD PRIMARY KEY (`id`);

--
-- Indices de la tabla `corregimientos_panama`
--
ALTER TABLE `corregimientos_panama`
  ADD PRIMARY KEY (`id_num_correg`);

--
-- Indices de la tabla `departamento_u_nacional`
--
ALTER TABLE `departamento_u_nacional`
  ADD PRIMARY KEY (`id`);

--
-- Indices de la tabla `distritos_panama`
--
ALTER TABLE `distritos_panama`
  ADD PRIMARY KEY (`id_num_dist`);

--
-- Indices de la tabla `facultades_u_nacional`
--
ALTER TABLE `facultades_u_nacional`
  ADD PRIMARY KEY (`id`);

--
-- Indices de la tabla `funcionarios`
--
ALTER TABLE `funcionarios`
  ADD PRIMARY KEY (`id`);

--
-- Indices de la tabla `paises`
--
ALTER TABLE `paises`
  ADD PRIMARY KEY (`id`);

--
-- Indices de la tabla `provincias_panama`
--
ALTER TABLE `provincias_panama`
  ADD PRIMARY KEY (`id_num_prov`);

--
-- Indices de la tabla `universidades`
--
ALTER TABLE `universidades`
  ADD PRIMARY KEY (`id_univ`);

--
-- AUTO_INCREMENT de las tablas volcadas
--

--
-- AUTO_INCREMENT de la tabla `areas_u_nacional`
--
ALTER TABLE `areas_u_nacional`
  MODIFY `id` int(11) NOT NULL AUTO_INCREMENT, AUTO_INCREMENT=482;

--
-- AUTO_INCREMENT de la tabla `corregimientos_panama`
--
ALTER TABLE `corregimientos_panama`
  MODIFY `id_num_correg` int(5) NOT NULL AUTO_INCREMENT, AUTO_INCREMENT=645;

--
-- AUTO_INCREMENT de la tabla `departamento_u_nacional`
--
ALTER TABLE `departamento_u_nacional`
  MODIFY `id` int(11) NOT NULL AUTO_INCREMENT, AUTO_INCREMENT=137;

--
-- AUTO_INCREMENT de la tabla `distritos_panama`
--
ALTER TABLE `distritos_panama`
  MODIFY `id_num_dist` int(5) NOT NULL AUTO_INCREMENT, AUTO_INCREMENT=77;

--
-- AUTO_INCREMENT de la tabla `facultades_u_nacional`
--
ALTER TABLE `facultades_u_nacional`
  MODIFY `id` int(11) NOT NULL AUTO_INCREMENT, AUTO_INCREMENT=22;

--
-- AUTO_INCREMENT de la tabla `funcionarios`
--
ALTER TABLE `funcionarios`
  MODIFY `id` int(22) NOT NULL AUTO_INCREMENT, AUTO_INCREMENT=9;

--
-- AUTO_INCREMENT de la tabla `paises`
--
ALTER TABLE `paises`
  MODIFY `id` int(11) NOT NULL AUTO_INCREMENT, AUTO_INCREMENT=242;

--
-- AUTO_INCREMENT de la tabla `provincias_panama`
--
ALTER TABLE `provincias_panama`
  MODIFY `id_num_prov` int(5) NOT NULL AUTO_INCREMENT, AUTO_INCREMENT=14;

--
-- AUTO_INCREMENT de la tabla `universidades`
--
ALTER TABLE `universidades`
  MODIFY `id_univ` int(5) NOT NULL AUTO_INCREMENT, AUTO_INCREMENT=248;
COMMIT;

/*!40101 SET CHARACTER_SET_CLIENT=@OLD_CHARACTER_SET_CLIENT */;
/*!40101 SET CHARACTER_SET_RESULTS=@OLD_CHARACTER_SET_RESULTS */;
/*!40101 SET COLLATION_CONNECTION=@OLD_COLLATION_CONNECTION */;
